comment,sentiment
(舒普深)注射用头孢哌酮钠舒巴坦钠(2:1)/1,0
(舒普深)注射用头孢哌酮钠舒巴坦钠(基)(抗),0
(舒普深)注射用头孢哌酮钠舒巴坦钠(新),0
(舒普深)注射用头孢哌酮钠舒巴坦钠[基F](舒普深),0
(舒普深1g)注射用头孢哌酮钠舒巴坦钠,0
(限)进口注射用头孢哌酮钠舒巴坦钠(乙类)/1.5g/支,0
(限价:39.444)头孢哌酮钠舒巴坦钠,0
(限价:65.74)(舒普深）头孢哌酮钠舒巴坦钠粉针,0
(限价:65.74)*(舒普深）头孢哌酮钠舒巴坦钠粉针,0
(限价:65.74)头孢哌酮钠舒巴坦钠（舒普深）,0
(限抗)头孢哌酮钠舒巴坦钠粉针,0
(限抗)头孢哌酮钠舒巴坦钠粉针(舒普深),0
(新)注射用头孢哌酮钠舒巴坦钠,0
(新)注射用头孢哌酮钠舒巴坦钠(2:1),0
(乙)(舒普深)注射用头孢哌酮舒巴坦钠,0
(乙0％)(舒普深)注射用头孢哌酮钠舒巴坦钠,0
(重庆)头孢哌酮钠舒巴坦钠粉针,0
**头孢哌酮/舒巴坦粉针(舒普深),0
*头孢哌酮/舒巴坦粉针(舒普深),0
*头孢哌酮钠舒巴坦钠(辉瑞)粉针(备),0
*注射用头孢哌酮钠舒巴坦钠2:1(1.5g)/1.5g/支,0
.头孢哌酮钠/舒巴坦钠[限](舒普深),0
//注射用头孢哌酮钠舒巴坦钠,0
[凡林]注射用头孢哌酮钠舒巴坦钠,0
[市]注射用头孢哌酮钠舒巴坦钠[1.0g(0.5,0
[市增补]注射用头孢哌酮钠舒巴坦钠[1.0g(0,0
[市增补]注射用头孢哌酮钠舒巴坦钠[科瑞][1.,0
[舒普深]头孢哌酮钠舒巴坦钠针,0
[舒普深针]头孢哌酮钠舒巴坦钠/1.5g/瓶,0
[限][舒普深]注射用头孢哌酮钠舒巴坦钠,0
[限]注射用头孢哌酮钠舒巴坦钠,0
[限]注射用头孢哌酮钠舒巴坦钠（2:1）,0
【进】注射用头孢哌酮钠舒巴坦钠(1.0g)[舒普深],0
▲(舒普深)头孢哌酮钠舒巴坦钠注射剂,0
▲(重庆)头孢哌酮钠舒巴坦钠粉针,0
△头孢哌酮钠舒巴坦钠针,0
▲注射用头孢哌酮钠舒巴坦钠,0
▲注射用头孢哌酮钠舒巴坦钠舒普深(限)(基),0
○注射用头孢哌酮钠舒巴坦钠（凡林,0
☆(限)注射用头孢哌酮钠舒巴坦钠,0
☆头孢哌酮钠舒巴坦钠,0
★#头孢哌酮钠舒巴坦钠粉针(科瑞),0
★注射用头孢哌酮钠舒巴坦钠,0
★注射用头孢哌酮钠舒巴坦钠 0.5g*1支,0
★注射用头孢哌酮钠舒巴坦钠 1.0g*1支,0
★注射用头孢哌酮钠舒巴坦钠(立健舒),0
★注射用头孢哌酮舒巴坦(舒普深）,0
※(舒普深)头孢哌酮钠舒巴坦钠粉针,0
※（悦康）注射用头孢哌酮钠舒巴坦钠,0
※头孢哌酮钠舒巴坦钠(舒普深针),0
※头孢哌酮钠舒巴坦钠粉针,0
※注射用头孢哌酮钠舒巴坦钠（2:1）,0
※注射用头孢哌酮钠舒巴坦钠(舒普深),0
※注射用头孢哌酮钠舒巴坦钠（舒普深）,0
1.5g舒普深★头孢哌酮钠舒巴坦,0
2注射用头孢哌酮钠舒巴坦钠(进口),0
F注射用头孢哌酮钠舒巴坦钠（乙自选）,0
F注射用头孢哌酮钠舒巴坦钠[YN](凡林),0
HH注射用头孢哌酮钠舒巴坦钠,0
QYZ*注射用头孢哌酮钠舒巴坦钠(舒普深)[1.5g],0
Y注射用头孢哌酮钠舒巴坦钠（舒普深）,0
Z舒普深-注射用头孢哌酮钠舒巴坦钠,0
z头孢哌酮钠舒巴坦钠注射液,0
凡林★(头孢哌酮钠舒巴坦钠),0
立健舒,0
舒普深,0
舒普深 1.5克*1瓶,0
舒普深(*注射剂*辉瑞制药有限公司),0
舒普深(粉针)☆,0
舒普深(粉针)☆j,0
舒普深(头孢哌酮/舒巴坦钠)针,0
舒普深（头孢哌酮/舒巴坦钠）针,0
舒普深(注射用头孢哌酮钠/舒巴坦钠),0
舒普深(注射用头孢哌酮钠舒巴坦钠),0
舒普深（注射用头孢哌酮钠舒巴坦钠),0
舒普深（注射用头孢哌酮钠舒巴坦钠）1.5g,0
舒普深(注射用头孢哌酮舒巴坦)/1.5g/支,0
舒普深/1.5g(1.0g/0.5g)×1瓶/瓶,0
舒普深/头孢哌酮舒巴,0
舒普深/注射用头孢哌酮钠舒巴坦钠,0
舒普深]头孢哌酮钠舒巴坦钠/1.5g(1:0.5/瓶,0
舒普深粉针,0
舒普深注射液（粉）头孢哌酮钠/舒,0
舒普深注射用头孢哌,0
头孢哌酮/舒巴坦粉针(舒普深),0
头孢哌酮/舒巴坦钠(舒普深),0
头孢哌酮/舒巴坦钠（舒普深）,0
头孢哌酮/舒巴坦针(舒普深),0
头孢哌酮/舒巴坦针（舒普深）,0
头孢哌酮钠(舒普深)舒巴坦钠粉针,0
头孢哌酮钠/舒巴坦钠(舒普深),0
头孢哌酮钠/舒巴坦钠粉针/舒普深,0
头孢哌酮钠/舒巴坦钠注(舒普深),0
头孢哌酮钠舒巴坦(舒普深）,0
头孢哌酮钠舒巴坦（舒普深）,0
头孢哌酮钠舒巴坦钠,0
头孢哌酮钠舒巴坦钠 1.5g*1瓶,0
头孢哌酮钠舒巴坦钠 1.5克*1瓶,0
头孢哌酮钠舒巴坦钠&lt;0.5g&gt;,0
头孢哌酮钠舒巴坦钠(#注射用头孢哌酮钠舒巴坦钠(T,0
头孢哌酮钠舒巴坦钠(#注射用头孢哌酮钠舒巴坦钠(T)),0
头孢哌酮钠舒巴坦钠(*粉针剂*辉瑞制药有限公司),0
头孢哌酮钠舒巴坦钠(1:1)(舒普深),0
头孢哌酮钠舒巴坦钠(1g),0
头孢哌酮钠舒巴坦钠(2:1),0
头孢哌酮钠舒巴坦钠(2g),0
头孢哌酮钠舒巴坦钠(3g),0
头孢哌酮钠舒巴坦钠(k)（舒普深）,0
头孢哌酮钠舒巴坦钠(冻干粉)针,0
头孢哌酮钠舒巴坦钠(国产),0
头孢哌酮钠舒巴坦钠(合资),0
头孢哌酮钠舒巴坦钠(辉瑞),0
头孢哌酮钠舒巴坦钠(辉瑞)(基),0
头孢哌酮钠舒巴坦钠(辉瑞)粉针(备),0
头孢哌酮钠舒巴坦钠(辉瑞制药有限公司),0
头孢哌酮钠舒巴坦钠(基)J,0
头孢哌酮钠舒巴坦钠(进口,0
头孢哌酮钠舒巴坦钠（进口）,0
头孢哌酮钠舒巴坦钠（舒普森）/1.5g/瓶,0
头孢哌酮钠舒巴坦钠（舒普深,0
头孢哌酮钠舒巴坦钠(舒普深),0
头孢哌酮钠舒巴坦钠(舒普深）,0
头孢哌酮钠舒巴坦钠（舒普深）,0
头孢哌酮钠舒巴坦钠（舒普深）&lt;1.5g&gt;,0
头孢哌酮钠舒巴坦钠(舒普深)[1.5g-辉瑞制药],0
头孢哌酮钠舒巴坦钠(舒普深)粉针,0
头孢哌酮钠舒巴坦钠（舒普深针）,0
头孢哌酮钠舒巴坦钠(一针一水),0
头孢哌酮钠舒巴坦钠（注射用）,0
头孢哌酮钠舒巴坦钠（注射用）(,0
头孢哌酮钠舒巴坦钠(注射用头孢哌酮钠舒巴坦钠),0
头孢哌酮钠舒巴坦钠*,0
头孢哌酮钠舒巴坦钠*辉瑞制药有限公司,0
头孢哌酮钠舒巴坦钠/1.0g/杨子江,0
头孢哌酮钠舒巴坦钠/舒普深,0
头孢哌酮钠舒巴坦钠[2:1][舒普深]&lt;1.5g&gt;,0
头孢哌酮钠舒巴坦钠[凡林]/2g/支,0
头孢哌酮钠舒巴坦钠【听似】,0
头孢哌酮钠舒巴坦钠J注射剂,0
头孢哌酮钠舒巴坦钠T[1.5g],0
头孢哌酮钠舒巴坦钠粉针,0
头孢哌酮钠舒巴坦钠粉针 1.5gX1,0
头孢哌酮钠舒巴坦钠粉针(1.5g),0
头孢哌酮钠舒巴坦钠粉针(2g),0
头孢哌酮钠舒巴坦钠粉针(国产)②限A★基,0
头孢哌酮钠舒巴坦钠粉针(合资)②B★,0
头孢哌酮钠舒巴坦钠粉针(合资)②B★基,0
头孢哌酮钠舒巴坦钠粉针(合资)②限B★,0
头孢哌酮钠舒巴坦钠粉针(合资)②限B★基,0
头孢哌酮钠舒巴坦钠粉针（进口）,0
头孢哌酮钠舒巴坦钠粉针（舒普深,0
头孢哌酮钠舒巴坦钠粉针(舒普深),0
头孢哌酮钠舒巴坦钠粉针(威奇达),0
头孢哌酮钠舒巴坦钠粉针1.0g,0
头孢哌酮钠舒巴坦钠针,0
头孢哌酮钠舒巴坦钠针 1.5克*1瓶,0
头孢哌酮钠舒巴坦钠针(1.5g进口),0
头孢哌酮钠舒巴坦钠针（辉瑞）,0
头孢哌酮钠舒巴坦钠针（进）,0
头孢哌酮钠舒巴坦钠针（舒普深,0
头孢哌酮钠舒巴坦钠针(舒普深）,0
头孢哌酮钠舒巴坦钠针（舒普深）,0
头孢哌酮钠舒巴坦钠针/凡林针,0
头孢哌酮钠舒巴坦钠针1.5g,0
头孢哌酮钠舒巴坦钠注射剂,0
头孢哌酮钠舒巴坦钠注射剂(k),0
头孢哌酮钠舒巴坦钠注射剂(舒普深),0
头孢哌酮钠舒巴坦钠注射剂(舒普深1.5g),0
头孢哌酮钠舒巴坦钠注射剂(乙),0
头孢哌酮钠舒巴坦钠注射液,0
头孢哌酮钠舒巴坦钠注射用,0
头孢哌酮钠舒巴坦钠注射用粉,0
头孢哌酮钠舒巴坦舒普深,0
头孢哌酮钠舒巴坦针(舒普深,0
头孢哌酮舒巴/舒普深,0
头孢哌酮舒巴坦(舒普深),0
头孢哌酮舒巴坦（舒普深）,0
头孢哌酮舒巴坦(舒普深)粉针,0
头孢哌酮舒巴坦粉针(舒普深),0
头孢哌酮舒巴坦钠(舒普深),0
头孢哌酮舒巴坦钠(舒普深）,0
头孢哌酮舒巴坦钠(舒普深1.0)[1g*1支/支],0
头孢哌酮舒巴坦钠/舒普深,0
头孢哌酮舒巴坦钠★(舒普深),0
头孢哌酮舒巴坦钠粉针(舒普深),0
头孢哌酮舒巴坦针(舒普深),0
头孢哌酮舒巴坦针（舒普深）,0
头孢派酮钠舒巴坦钠(舒普深)针,0
头胞哌酮舒巴坦钠/舒普深,0
限-注射用头孢哌酮钠舒巴坦钠（进口）,0
限-注射用头孢哌酮钠舒巴坦钠（三代）,0
注射液头孢哌酮舒巴坦钠(舒普深）,0
注射用头孢哌酮\舒巴坦钠(舒普深)☆△○◆,0
注射用头孢哌酮钠/舒巴坦钠(2:1)(舒普深)[1000mg/500mg],0
注射用头孢哌酮钠/舒巴坦钠(立健舒),0
注射用头孢哌酮钠/舒巴坦钠(舒普深),0
注射用头孢哌酮钠/舒巴坦钠（舒普深）,0
注射用头孢哌酮钠/舒巴坦钠(舒普深)(1.5g),0
注射用头孢哌酮钠/舒巴坦钠./舒普深**,0
注射用头孢哌酮钠/舒巴坦钠/舒普深,0
注射用头孢哌酮钠舒巴坦钠,0
注射用头孢哌酮钠舒巴坦钠  （1.5g),0
注射用头孢哌酮钠舒巴坦钠  1.0*瓶X1,0
注射用头孢哌酮钠舒巴坦钠  1.0*瓶X1(皮试用),0
注射用头孢哌酮钠舒巴坦钠  1.50*瓶X1,0
注射用头孢哌酮钠舒巴坦钠 (2:1),0
注射用头孢哌酮钠舒巴坦钠 1.5g,0
注射用头孢哌酮钠舒巴坦钠 1.5g(1.0g:0.5g),0
注射用头孢哌酮钠舒巴坦钠 1.5g*1支,0
注射用头孢哌酮钠舒巴坦钠 1.5克*1瓶,0
注射用头孢哌酮钠舒巴坦钠 1g,0
注射用头孢哌酮钠舒巴坦钠 1g(0.5g:0.5),0
注射用头孢哌酮钠舒巴坦钠 1g(索达欣),0
注射用头孢哌酮钠舒巴坦钠 2.0g*1瓶,0
注射用头孢哌酮钠舒巴坦钠 2g,0
注射用头孢哌酮钠舒巴坦钠 2g*1瓶,0
注射用头孢哌酮钠舒巴坦钠 3g*10支,0
注射用头孢哌酮钠舒巴坦钠 舒普深,0
注射用头孢哌酮钠舒巴坦钠 先舒 1g,0
注射用头孢哌酮钠舒巴坦钠(0.5g),0
注射用头孢哌酮钠舒巴坦钠(1.0/1.0)/凡林粉针,0
注射用头孢哌酮钠舒巴坦钠(1.0g-扬子江药业),0
注射用头孢哌酮钠舒巴坦钠(1.5g),0
注射用头孢哌酮钠舒巴坦钠(1:1),0
注射用头孢哌酮钠舒巴坦钠（1:1）,0
注射用头孢哌酮钠舒巴坦钠（1：1）,0
注射用头孢哌酮钠舒巴坦钠(1:1)(国家17),0
注射用头孢哌酮钠舒巴坦钠(2.0g1.0g/1.0g-江苏恒瑞),0
注射用头孢哌酮钠舒巴坦钠(2.25g),0
注射用头孢哌酮钠舒巴坦钠(2:1,0
注射用头孢哌酮钠舒巴坦钠（2:1,0
注射用头孢哌酮钠舒巴坦钠（2：1,0
注射用头孢哌酮钠舒巴坦钠(2:1),0
注射用头孢哌酮钠舒巴坦钠（2:1）,0
注射用头孢哌酮钠舒巴坦钠（2：1),0
注射用头孢哌酮钠舒巴坦钠（2：1）,0
注射用头孢哌酮钠舒巴坦钠(2:1)(国家17),0
注射用头孢哌酮钠舒巴坦钠(2:1)(舒普深),0
注射用头孢哌酮钠舒巴坦钠(2:1)(舒普深)/1.5g/瓶,0
注射用头孢哌酮钠舒巴坦钠（2:1）(限）,0
注射用头孢哌酮钠舒巴坦钠（2：1）(限重症感染),0
注射用头孢哌酮钠舒巴坦钠(2:1)/1.5g(2,0
注射用头孢哌酮钠舒巴坦钠(2:1)/1.5g/支,0
注射用头孢哌酮钠舒巴坦钠(2:1)[1.5g/支,0
注射用头孢哌酮钠舒巴坦钠(2:1罗倍),0
注射用头孢哌酮钠舒巴坦钠(2g),0
注射用头孢哌酮钠舒巴坦钠（2g扬子江）,0
注射用头孢哌酮钠舒巴坦钠(B)(舒普深)2:1/1.5g/支,0
注射用头孢哌酮钠舒巴坦钠(B)/0.5g/支,0
注射用头孢哌酮钠舒巴坦钠(j),0
注射用头孢哌酮钠舒巴坦钠(jk),0
注射用头孢哌酮钠舒巴坦钠(k),0
注射用头孢哌酮钠舒巴坦钠(XB),0
注射用头孢哌酮钠舒巴坦钠(达力哌坦),0
注射用头孢哌酮钠舒巴坦钠(大连辉瑞),0
注射用头孢哌酮钠舒巴坦钠(凡林),0
注射用头孢哌酮钠舒巴坦钠（凡林),0
注射用头孢哌酮钠舒巴坦钠(凡林)/2.0g/支,0
注射用头孢哌酮钠舒巴坦钠(非适),0
注射用头孢哌酮钠舒巴坦钠(国产）（乙类）,0
注射用头孢哌酮钠舒巴坦钠(国产)②限A★,0
注射用头孢哌酮钠舒巴坦钠(国产)②限A★基,0
注射用头孢哌酮钠舒巴坦钠(国家17),0
注射用头孢哌酮钠舒巴坦钠(海舒必),0
注射用头孢哌酮钠舒巴坦钠(合资),0
注射用头孢哌酮钠舒巴坦钠(合资) 1.5g*1瓶,0
注射用头孢哌酮钠舒巴坦钠(合资)(1.5)乙,0
注射用头孢哌酮钠舒巴坦钠(合资)②B★基,0
注射用头孢哌酮钠舒巴坦钠(合资)②限B★,0
注射用头孢哌酮钠舒巴坦钠(合资)②限B★基,0
注射用头孢哌酮钠舒巴坦钠(辉瑞),0
注射用头孢哌酮钠舒巴坦钠(辉瑞）,0
注射用头孢哌酮钠舒巴坦钠(辉瑞)(1.5g/支),0
注射用头孢哌酮钠舒巴坦钠(辉瑞)(1.5g支),0
注射用头孢哌酮钠舒巴坦钠(基),0
注射用头孢哌酮钠舒巴坦钠（基）,0
注射用头孢哌酮钠舒巴坦钠(基)(抗),0
注射用头孢哌酮钠舒巴坦钠(甲)#Y(基),0
注射用头孢哌酮钠舒巴坦钠(洁）,0
注射用头孢哌酮钠舒巴坦钠(洁华),0
注射用头孢哌酮钠舒巴坦钠(进口),0
注射用头孢哌酮钠舒巴坦钠（进口）,0
注射用头孢哌酮钠舒巴坦钠(进口)(y2),0
注射用头孢哌酮钠舒巴坦钠(进口）乙,0
注射用头孢哌酮钠舒巴坦钠（抗）,0
注射用头孢哌酮钠舒巴坦钠(抗)进口,0
注射用头孢哌酮钠舒巴坦钠(立健舒),0
注射用头孢哌酮钠舒巴坦钠(丽珠),0
注射用头孢哌酮钠舒巴坦钠(罗倍),0
注射用头孢哌酮钠舒巴坦钠(溶媒结晶),0
注射用头孢哌酮钠舒巴坦钠（溶媒结晶）,0
注射用头孢哌酮钠舒巴坦钠(删),0
注射用头孢哌酮钠舒巴坦钠(深圳）,0
注射用头孢哌酮钠舒巴坦钠(深圳)[1.5g],0
注射用头孢哌酮钠舒巴坦钠(深圳立健)[2.0g],0
注射用头孢哌酮钠舒巴坦钠（舒）,0
注射用头孢哌酮钠舒巴坦钠(舒哌),0
注射用头孢哌酮钠舒巴坦钠（舒普,0
注射用头孢哌酮钠舒巴坦钠(舒普?,0
注射用头孢哌酮钠舒巴坦钠（舒普森）,0
注射用头孢哌酮钠舒巴坦钠(舒普深),0
注射用头孢哌酮钠舒巴坦钠(舒普深）,0
注射用头孢哌酮钠-舒巴坦钠(舒普深）,0
注射用头孢哌酮钠舒巴坦钠（舒普深）,0
注射用头孢哌酮钠舒巴坦钠(舒普深)(J),0
注射用头孢哌酮钠舒巴坦钠（舒普深）(农),0
注射用头孢哌酮钠舒巴坦钠（舒普深））,0
注射用头孢哌酮钠舒巴坦钠(舒普深)/1.,0
注射用头孢哌酮钠舒巴坦钠(舒普深）/1.5g(1.0g//支,0
注射用头孢哌酮钠舒巴坦钠（舒普深）/1.5g/瓶,0
注射用头孢哌酮钠舒巴坦钠（舒普深）/1.5g/支,0
注射用头孢哌酮钠舒巴坦钠(舒普深)/1g/支,0
注射用头孢哌酮钠舒巴坦钠(舒普深)[1.5g],0
注射用头孢哌酮钠舒巴坦钠(舒普深)[基],0
注射用头孢哌酮钠舒巴坦钠(舒普深)[省基],0
注射用头孢哌酮钠-舒巴坦钠(舒普深)☆!Ⅱ,0
注射用头孢哌酮钠舒巴坦钠(舒普深)☆○,0
注射用头孢哌酮钠-舒巴坦钠(舒普深)★Ⅱ,0
注射用头孢哌酮钠舒巴坦钠(舒普深)自费,0
注射用头孢哌酮钠舒巴坦钠(舒普深2:1)/1.5g/瓶,0
注射用头孢哌酮钠舒巴坦钠（特拉欣）,0
注射用头孢哌酮钠舒巴坦钠(限),0
注射用头孢哌酮钠舒巴坦钠(限制使用),0
注射用头孢哌酮钠舒巴坦钠(限重症感染),0
注射用头孢哌酮钠舒巴坦钠（限重症感染）,0
注射用头孢哌酮钠舒巴坦钠(新),0
注射用头孢哌酮钠舒巴坦钠（医）,0
注射用头孢哌酮钠舒巴坦钠(乙),0
注射用头孢哌酮钠舒巴坦钠(乙)！#,0
注射用头孢哌酮钠舒巴坦钠(乙)！#Y,0
注射用头孢哌酮钠舒巴坦钠(乙)！#Y(基),0
注射用头孢哌酮钠舒巴坦钠（乙2g）,0
注射用头孢哌酮钠舒巴坦钠（乙类）,0
注射用头孢哌酮钠舒巴坦钠（乙自选）,0
注射用头孢哌酮钠舒巴坦钠(渝中院区)f,0
注射用头孢哌酮钠舒巴坦钠(悦康力欣)[0.75g],0
注射用头孢哌酮钠舒巴坦钠(注射剂),0
注射用头孢哌酮钠舒巴坦钠(自费),0
注射用头孢哌酮钠舒巴坦钠*,0
注射用头孢哌酮钠舒巴坦钠*△/1.5g/支/支,0
注射用头孢哌酮钠舒巴坦钠*△/1g/支/支,0
注射用头孢哌酮钠舒巴坦钠.,0
注射用头孢哌酮钠舒巴坦钠/1.0g(1:1),0
注射用头孢哌酮钠舒巴坦钠/1.5g(1.0g//支,0
注射用头孢哌酮钠舒巴坦钠/1.5g(舒）/支,0
注射用头孢哌酮钠舒巴坦钠/1.5g*1/支,0
注射用头孢哌酮钠舒巴坦钠/1g(0.5g/0.5g)/支(非适应症),0
注射用头孢哌酮钠舒巴坦钠/1g*1/支,0
注射用头孢哌酮钠舒巴坦钠/1g*1支/支,0
注射用头孢哌酮钠舒巴坦钠/1g/支,0
注射用头孢哌酮钠舒巴坦钠/2.0g/支,0
注射用头孢哌酮钠舒巴坦钠/2g/支,0
注射用头孢哌酮钠舒巴坦钠/舒普,0
注射用头孢哌酮钠舒巴坦钠/舒普深,0
注射用头孢哌酮钠舒巴坦钠/舒普深(1g),0
注射用头孢哌酮钠舒巴坦钠/舒普深(临）,0
注射用头孢哌酮钠舒巴坦钠/舒普深针,0
注射用头孢哌酮钠舒巴坦钠/注射用头孢哌酮钠舒巴坦钠（凡林),0
注射用头孢哌酮钠舒巴坦钠[,0
注射用头孢哌酮钠舒巴坦钠[0.5g*1支/支],0
注射用头孢哌酮钠舒巴坦钠[1.0g(0.5:0.,0
注射用头孢哌酮钠舒巴坦钠[1.0g],0
注射用头孢哌酮钠舒巴坦钠[1.5g(1.,0
注射用头孢哌酮钠舒巴坦钠[1.5g(1g:0.5g)],0
注射用头孢哌酮钠舒巴坦钠[1.5g(2:1)/支,0
注射用头孢哌酮钠舒巴坦钠[1.5g/支1.0g:0,0
注射用头孢哌酮钠舒巴坦钠[1.5g],0
注射用头孢哌酮钠舒巴坦钠[1.5g](舒普深),0
注射用头孢哌酮钠舒巴坦钠[3.0g],0
注射用头孢哌酮钠舒巴坦钠[3g(2g:1g)],0
注射用头孢哌酮钠舒巴坦钠[湖南][1.0g(0.,0
注射用头孢哌酮钠舒巴坦钠［皮试］,0
注射用头孢哌酮钠舒巴坦钠[舒普深],0
注射用头孢哌酮钠舒巴坦钠[舒普深](2:1),0
注射用头孢哌酮钠舒巴坦钠［医嘱皮试用］,0
注射用头孢哌酮钠舒巴坦钠_辉瑞,0
注射用头孢哌酮钠舒巴坦钠【区直中心】,0
注射用头孢哌酮钠舒巴坦钠【舒普深】,0
注射用头孢哌酮钠舒巴坦钠【限重度感染】,0
注射用头孢哌酮钠舒巴坦钠★,0
注射用头孢哌酮钠舒巴坦钠★(乙限),0
注射用头孢哌酮钠舒巴坦钠★J(甲类)[进],0
注射用头孢哌酮钠舒巴坦钠★J(乙限),0
注射用头孢哌酮钠舒巴坦钠1,0
注射用头孢哌酮钠舒巴坦钠1.5g（辉瑞）●,0
注射用头孢哌酮钠舒巴坦钠1.5g支,0
注射用头孢哌酮钠舒巴坦钠1:1,0
注射用头孢哌酮钠舒巴坦钠2.0g,0
注射用头孢哌酮钠舒巴坦钠2:1,0
注射用头孢哌酮钠舒巴坦钠2:1(1.5g)/1.5g/支,0
注射用头孢哌酮钠舒巴坦钠2:1(自费),0
注射用头孢哌酮钠舒巴坦钠悦康药业,0
注射用头孢哌酮舒巴坦(舒普深),0
注射用头孢哌酮舒巴坦(舒普深）,0
注射用头孢哌酮舒巴坦（舒普深）/1.5g/支,0
注射用头孢哌酮舒巴坦[1.0g](舒普深),0
注射用头孢哌酮舒巴坦钠(舒普深),0
注射用头孢哌酮舒巴坦钠(舒普深）,0
注射用头孢哌酮舒巴坦钠（舒普深）,0
注射用头孢哌酮舒巴坦钠(舒普深1.5g)/乙农,0
#头孢哌酮钠(舒普深)舒巴坦钠粉针,0
#注射用头孢哌酮钠舒巴坦钠,0
（1.5g）舒普深,0
(1.5g)头孢哌酮钠舒巴坦钠粉针(2:1),0
(DJ)头孢哌酮钠舒巴坦钠(冻干粉)针,0
(DJ)头孢哌酮钠舒巴坦钠针,0
(H)注射用头孢哌酮钠舒巴坦钠(非适应症)&,0
(J)(限抗)头孢哌酮钠舒巴坦钠粉针(舒普深),0
(大)头孢哌酮钠舒巴坦钠(舒普深)注射用无菌粉末,0
(国产)头孢哌酮钠舒巴坦钠粉针,0
(辉瑞）头孢哌酮钠舒巴坦钠注射液,0
(辉瑞)注射用头孢哌酮钠舒巴坦钠（,0
(基)(进口)注射用头孢哌酮钠舒巴坦钠（舒普深）,0
(基)(舒普深)注射用头孢哌酮钠舒巴坦钠,0
（基）限-注射用头孢哌酮钠舒巴坦钠（三代）,0
(基)注射用头孢哌酮钠舒巴坦钠,0
（基）注射用头孢哌酮钠舒巴坦钠（三代）,0
(基甲)(舒普深)注射用头孢哌酮舒巴坦钠,0
(基乙)(舒普深)注射用头孢哌酮舒巴坦钠,0
（洁）注射用头孢哌酮钠舒巴坦钠,0
(进)注射用头孢哌酮钠舒巴坦钠,0
(抗)注射用头孢哌酮钠舒巴坦钠(立健舒),0
（立健舒）注射用头孢哌酮钠舒巴坦钠,0
(皮试用)注射用头孢哌酮钠舒巴坦钠  1.0*瓶X1,0
(皮试用)注射用头孢哌酮钠舒巴坦钠  1.50*瓶X1,0
(舒)注射用头孢哌酮钠舒巴坦钠,0
（舒）注射用头孢哌酮钠舒巴坦钠,0
(舒普深)头孢哌酮/舒巴坦钠,0
(舒普深）头孢哌酮钠舒巴坦钠,0
(舒普深）头孢哌酮钠舒巴坦钠(基）,0
(舒普深)头孢哌酮钠舒巴坦钠[限],0
(舒普深)头孢哌酮钠舒巴坦钠注射剂,0
(舒普深)头孢哌酮舒巴坦注射剂(1.5g/支),0
（舒普深)注射用头孢哌酮钠舒巴,0
(舒普深)注射用头孢哌酮钠舒巴坦,0
（舒普深）注射用头孢哌酮钠舒巴坦,0
(舒普深)注射用头孢哌酮钠舒巴坦钠,0
（舒普深）注射用头孢哌酮钠舒巴坦钠,0
#(美平)注射用美罗培南,1
＃美罗培南,1
(18新)美罗培南,1
(倍能)注射用美罗培南,1
(倍能）注射用美罗培南/0.5g/支,1
(国产）注射用美罗培南0.5g,1
(海口）注射用美罗培南,1
(进)注射用美罗培南,1
（进口）注射用美罗培南 0.5G/瓶,1
(美平)美罗培南粉针,1
(美平)注射用美罗培南,1
(美平)注射用美罗培南(美平),1
(特殊)注射用美罗培南(乙)(限),1
(限)1注射用美罗培南,1
(限)2注射用美罗培南,1
(限价:41.65)美罗培南,1
(限价:59.5)(罗南)注射用美罗培南,1
(限价:59.5)*注射用美罗培南,1
(限价:59.5)注射用美罗培南,1
(限价:70.81)美罗培南,1
(限价:88.446)美罗培南,1
(新)(自费)注射用美罗培南,1
(新)注射用美罗培南,1
(乙)注射用美罗培南,1
(乙0％)(安美平)苯磺酸左旋氨氯地平片,1
(乙10％)(美平)注射用美罗培南,1
(乙20%)★注射用美罗培南(新亚),1
(乙20%)注射用美罗培南(安吉利),1
(乙20%)注射用美罗培南(美平),1
(乙20%)注射用美罗培南(新亚),1
(卓捷)注射用美罗培南,1
**(限)注射用美罗培南,1
*美罗培南(国产),1
*美罗培南(进口),1
*美罗培南针(国产),1
*美罗培南针(合资),1
*注射用美罗培南,1
//注射用美罗培南,1
/美罗培南/安吉利,1
/注射用美罗培南,1
:注射用美罗培南,1
[Z2]注射用美罗培南☆(乙限)[粤],1
[倍能]美罗培南针,1
[倍能针]美罗培南/0.5g/瓶,1
[基](乙0％)(安美平)苯磺酸左旋氨氯地平片,1
[美平针]美罗培南/0.5g/瓶,1
[限]注射用美罗培南,1
【国】注射用美罗培南(0.5g),1
【进】注射用美罗培南(0.5g)[美平],1
<乙20%▲>注射用美罗培南(倍能).,1
<乙20%★▲>注射用美罗培南(倍能,1
■美罗培南[注射剂]限其他抗生素治疗无效的中毒感染,1
■注射用美罗培南,1
▲(美平)美罗培南粉针,1
▲美罗培南粉针,1
△美罗培南针,1
▲注射用美罗培南,1
★美罗培南粉针,1
★注射用美罗培南,1
★注射用美罗培南 0.5g*1瓶,1
※(美平)美罗培南粉针,1
※限）注射用美罗培南(美平),1
※注射用美罗培南,1
※注射用美罗培南(倍能),1
※注射用美罗培南（美平）,1
3注射用美罗培南N,1
III▲美罗培南针,1
J美罗培南[限病药],1
Lb美罗培南针/倍能△,1
L美罗培南粉针,1
倍能,1
倍能 0.5g*1瓶,1
倍能(粉针)☆,1
倍能/注射用美罗培南,1
倍能粉针,1
苯磺酸左旋氨氯地平片(安美平),1
海正美特,1
海正美特（注射用美罗培南）,1
海正美特粉针,1
进口注射用美罗培南（特殊使用）★◎,1
联邦倍能安,1
联邦倍能安0.5g,1
美罗培南,1
美罗培南 0.25g/瓶,1
美罗培南 0.5g*1瓶,1
美罗培南 0.5g*1支,1
美罗培南&lt;0.5g&gt;,1
美罗培南(*粉针剂*日本住友制药株式会社),1
美罗培南(0.5g),1
美罗培南(2017),1
美罗培南(2017年版),1
美罗培南(k),1
美罗培南(倍能),1
美罗培南（倍能）,1
美罗培南(倍能).,1
美罗培南(非适应症),1
美罗培南(国产),1
美罗培南(进口),1
美罗培南(美罗培南针),1
美罗培南(美平),1
美罗培南(美平)[0.5g-住友(苏州)],1
美罗培南(美平)[特需],1
美罗培南(美平)粉针,1
美罗培南(美平)针,1
美罗培南(美平)注射液,1
美罗培南(美平)注射用无菌粉末,1
美罗培南(日本住友制药株式会社),1
美罗培南(山东罗欣药业集团股份有限公司),1
美罗培南(深圳）,1
美罗培南（深圳）,1
美罗培南(石药）,1
美罗培南（石药）,1
美罗培南(限其他抗生素治疗无效的重度感染),1
美罗培南（限制） ,1
美罗培南(限重症感染；其他抗菌素无效的感染),1
美罗培南(异地),1
美罗培南（珠海）,1
美罗培南(注射剂),1
美罗培南（注射用）,1
美罗培南(注射用)*,1
美罗培南(注射用美罗培南),1
美罗培南*日本住友制药株式会社,1
美罗培南.,1
美罗培南/0.25g/支,1
美罗培南/倍能,1
美罗培南/美平,1
美罗培南/注射剂,1
美罗培南[0.5g-深圳华药南方制药],1
美罗培南{限重症感染；其他抗菌,1
美罗培南【限病药】,1
美罗培南0.25g支,1
美罗培南2017,1
美罗培南2018,1
美罗培南T★,1
美罗培南冻干粉(进口)[0.5g],1
美罗培南粉针,1
美罗培南粉针(倍能),1
美罗培南粉针(倍能)[0.5g],1
美罗培南粉针(合资)②限C★,1
美罗培南粉针(河北省),1
美罗培南粉针(美平),1
美罗培南粉针(农),1
美罗培南粉针*,1
美罗培南粉针/安吉利,1
美罗培南粉针[倍能],1
美罗培南粉针[限]/0.5g/支/支,1
美罗培南粉针☆(限专)[日],1
美罗培南粉针☆(限专)[粤],1
美罗培南粉针剂（石药）,1
美罗培南美平,1
美罗培南针,1
美罗培南针 0.5g*1瓶,1
美罗培南针 0.5g*1支,1
美罗培南针(Y1),1
美罗培南针(安吉利)(乙类)(门)(重),1
美罗培南针(倍能),1
美罗培南针(国产),1
美罗培南针(海滨),1
美罗培南针(海口),1
美罗培南针(合资),1
美罗培南针(美平),1
美罗培南针(其它抗生素治疗无效）,1
美罗培南针(石药),1
美罗培南针(舒罗克),1
美罗培南针/0.5g/支,1
美罗培南针/倍能,1
美罗培南针0.5g(基),1
美罗培南注射剂,1
美罗培南注射剂(美平),1
美罗培南注射剂（舒罗克）,1
美罗培南注射剂/0.5g*1/,1
美罗培南注射剂/美平,1
美罗培南注射剂/美平针,1
美罗培南注射剂{国},1
美罗培南注射剂△,1
美罗培南注射剂美平,1
美罗培南注射液,1
美罗培南注射液&lt;0.5g&gt;,1
美罗培南注射液(美平),1
美罗培南注射液/0.5g/支,1
美罗培南注射液0.5g支,1
美罗培南注射液J,1
美洛培南针（美平）,1
美平,1
美平(注射用美罗培南),1
美平粉针,1
美平针,1
美平注射液((美罗培南注射液(粉)),1
限-注射用美罗培南,1
亚胺培南西司他丁粉针(联邦倍能安),1
注射用美罗培南,1
注射用美罗培南 0.5g*1瓶,1
注射用美罗培南 0.5g*1支,1
注射用美罗培南 0.5克*1支,1
注射用美罗培南 1g,1
注射用美罗培南&lt;0.5g&gt;,1
注射用美罗培南（☆限）（◆限）,1
注射用美罗培南(0.25g),1
注射用美罗培南（0.25g）☆●,1
注射用美罗培南(0.25g/支),1
注射用美罗培南(0.5g),1
注射用美罗培南(1g),1
注射用美罗培南(J)(非适应症)&,1
注射用美罗培南(k),1
注射用美罗培南(ZH)[0.25g],1
注射用美罗培南(安吉利),1
注射用美罗培南(倍能),1
注射用美罗培南(倍能）,1
注射用美罗培南（倍能）,1
注射用美罗培南（倍能） 0.5g*1支,1
注射用美罗培南(倍能）/0.25g/支,1
注射用美罗培南(倍能)/0.5g/瓶,1
注射用美罗培南(大),1
注射用美罗培南(国产),1
注射用美罗培南(国产)(倍能),1
注射用美罗培南（海滨）,1
注射用美罗培南（海口制药.乙.自选/限）*,1
注射用美罗培南（海正辉瑞）●,1
注射用美罗培南(海正美特),1
注射用美罗培南(海正美特）,1
注射用美罗培南（海正美特）,1
注射用美罗培南(合资)②限C★,1
注射用美罗培南(进口),1
注射用美罗培南（进口） 0.5g*1支,1
注射用美罗培南(进口)(限),1
注射用美罗培南(进口)乙农,1
注射用美罗培南(罗南),1
注射用美罗培南(美罗培南(倍能)),1
注射用美罗培南(美平,1
注射用美罗培南(美平),1
注射用美罗培南(美平）,1
注射用美罗培南(美平)[临时],1
注射用美罗培南(美平)[限],1
注射用美罗培南(美平)☆!Ⅲ,1
注射用美罗培南(农),1
注射用美罗培南(平顶山),1
注射用美罗培南(日本住友),1
注射用美罗培南(溶媒结晶),1
注射用美罗培南(山东),1
注射用美罗培南(深圳）,1
注射用美罗培南(深圳海滨),1
注射用美罗培南（深圳海滨）,1
注射用美罗培南(深圳华药),1
注射用美罗培南(石药),1
注射用美罗培南（石药） 0.5g*1瓶,1
注射用美罗培南（石药欧意.乙.自选/限）*,1
注射用美罗培南(舒罗克)[1.0g],1
注射用美罗培南(特抗),1
注射用美罗培南(限),1
注射用美罗培南（限重症感染；其他抗菌素无效的感染）,1
注射用美罗培南(乙),1
注射用美罗培南(乙)！#,1
注射用美罗培南(乙)！#Y！,1
注射用美罗培南(原),1
注射用美罗培南(住友),1
注射用美罗培南(住友)(0.5g/支),1
注射用美罗培南(住友)(0.5g支),1
注射用美罗培南(住友-JP),1
注射用美罗培南(注射剂),1
注射用美罗培南(卓捷),1
注射用美罗培南(自费),1
注射用美罗培南（自费）,1
注射用美罗培南*,1
注射用美罗培南.,1
注射用美罗培南.*,1
注射用美罗培南/0.25g/支/支,1
注射用美罗培南/0.5g*1/支,1
注射用美罗培南/0.5g/支,1
注射用美罗培南/0.5g/支(非适应症),1
注射用美罗培南/0.5g~zh○@(乙类),1
注射用美罗培南/0.5g☆!Ⅲ▲△,1
注射用美罗培南/倍能,1
注射用美罗培南/海正美特(0.5g),1
注射用美罗培南/美平,1
注射用美罗培南/舒罗克,1
注射用美罗培南[0.25g/瓶](安吉利),1
注射用美罗培南[0.25g/瓶](倍能),1
注射用美罗培南[0.25g/支](安吉利),1
注射用美罗培南[0.25g/支](倍能),1
注射用美罗培南[0.25g/支](卓捷),1
注射用美罗培南[0.25g],1
注射用美罗培南[0.5g/支],1
注射用美罗培南[0.5g/支](美平),1
注射用美罗培南[0.5g],1
注射用美罗培南[0.5g×1瓶][美平],1
注射用美罗培南[倍能],1
注射用美罗培南[美平],1
注射用美罗培南[新],1
注射用美罗培南+,1
注射用美罗培南☆(乙限)[日],1
注射用美罗培南☆(乙限)[粤],1
注射用美罗培南☆限◆限,1
注射用美罗培南★,1
注射用美罗培南0.5g*1瓶,1
注射用美罗培南1[0.25g/瓶],1
注射用美罗培南②▲@#◎,1
注射用美罗培南C[0.5g],1
注射用美罗培南D[0.5g],1
注射用美罗培南D[0.5g][石药],1
注射用美罗培南f,1
注射用美罗培南J,1
注射用美罗培南粉针(0.5g),1
注射用美罗培南乙农,1
注射用美罗培南针,1
注射用美罗培南针(海正美特XB),1
注射用亚胺培南西司他丁(联邦倍能安),1
注射用亚胺培南西司他丁钠(联邦倍能安),1
注射用亚胺培南西司他丁钠[0.5g/支](倍能安,1
注射用亚胺培南西司他丁钠针(联邦倍能安-XB),1
注射用亚胺培南西司他汀钠(倍能安针),1
！**(艾恒)注射用奥沙利铂,2
！**(奥铂）注射用奥沙利铂,2
！**(奥力沙)注射用奥沙利铂,2
！**注射用奥沙利铂,2
＃奥沙利铂,2
#注射用奥沙利铂,2
(1)注射用奥沙利铂,2
(18新)奥沙利铂,2
(G)注射用奥沙利铂,2
(GJ)注射用奥沙利铂(冻干粉),2
(艾恒)奥沙利铂,2
(艾恒)奥沙利铂粉针,2
(艾恒)奥沙利铂注射液,2
(艾恒)注射用奥沙利铂,2
（艾恒）注射用奥沙利铂,2
(艾恒)注射用奥沙利铂/50mg/瓶,2
（艾恒）注射用奥沙利铂/50mg/支,2
（艾克搏康）奥沙利铂注射液/40mg/支,2
(奥正南)注射用奥沙利铂,2
(高危B)奥沙利铂粉针(艾恒),2
(高危B)奥沙利铂粉针(乐沙定),2
(国)奥沙利铂,2
（合资）奥沙利铂,2
(基)注射用奥沙利铂[50mg/,2
(基药)注射用奥沙利铂,2
(基乙)注射用奥沙利铂,2
(进口）注射用奥沙利铂,2
(警)乐沙定(注射用奥沙利铂),2
(警)注射用奥沙利铂,2
(乐沙定)奥沙利铂粉针,2
(乐沙定)奥沙利铂注射剂,2
(齐沙)注射用奥沙利铂,2
(限价:34.96)注射用奥沙利铂,2
(限价:77.26)(齐沙)注射用奥沙利铂,2
(新)奥沙利铂注射液,2
(新)注射用奥沙利铂,2
(医保结算价:40.6)[基]注射用奥沙利铂,2
(医保结算价:40.6)奥沙利铂,2
(医保结算价:40.6)奥沙利铂(齐沙),2
(医保结算价:40.6)奥沙利铂*齐鲁制药(海南)有限公司,2
(医保结算价:40.6)奥沙利铂粉针剂,2
(医保结算价:40.6)注射用奥沙利铂(齐沙),2
(乙0％)(艾恒)注射用奥沙利铂,2
**奥沙利铂(冻干),2
*奥沙利铂(艾恒)/50mg/支,2
*奥沙利铂(艾恒)粉针,2
*奥沙利铂(奥正南)粉针,2
*奥沙利铂粉针,2
*奥沙利铂甘露醇(艾恒),2
*奥沙利铂注射剂(乐沙定)(50mg/瓶),2
*注射用奥沙利铂（国产）,2
//注射用奥沙利铂,2
/注射用奥沙利铂/帕奇*,2
[艾恒针50mg]奥沙利铂/50mg/瓶,2
[高B ]注射用奥沙利铂（恒瑞）,2
[高B ]注射用奥沙利铂（恒瑞）(基),2
[国基]注射用奥沙利铂[100mg],2
[基](乙0％)(艾恒)注射用奥沙利铂,2
[基]注射用奥沙利铂,2
[基]注射用奥沙利铂[100mg],2
[基]注射用奥沙利铂[50mg],2
[警]注射用奥沙利铂,2
[乐沙定针]奥沙利铂/50mg/瓶,2
【国】注射用奥沙利铂(50mg)[艾恒],2
【基】▲注射用奥沙利铂,2
【基】注射用奥沙利铂,2
【警】[艾恒]奥沙利铂针,2
【请购】注射用奥沙利铂,2
▲gw(化)奥沙利铂注射液40mg(艾克博康),2
△奥沙利铂甘露醇(江苏)注射液,2
▲注射用奥沙利铂,2
●奥沙利铂[艾恒]&lt;50mg&gt;,2
●注射用奥沙利铂（艾恒）,2
●注射用奥沙利铂（奥正南）,2
●注射用奥沙利铂冻干(50mg-江苏恒瑞医药股份),2
☆.注射用澳沙利铂（艾恒）,2
☆奥沙利铂(艾恒),2
☆注射用奥沙利铂（艾恒）[基],2
★【国】注射用奥沙利铂(50mg)[艾恒],2
★注射用奥沙利铂,2
※▲gw(化)奥沙利铂注射液40mg(艾克博康),2
gb奥沙利铂粉针/艾恒,2
HH注射用奥沙利铂,2
J注射用奥沙利铂▲B/艾恒,2
J注射用奥沙利铂▲B/乐沙定,2
LJY奥沙利铂粉针,2
L奥沙利铂甘露醇注射液,2
L注射用奥沙利铂,2
QYZ注射用奥沙利铂(艾恒)[50mg],2
QYZ注射用奥沙利铂[0.1G],2
В▲注射用奥沙利铂(jk),2
艾恒,2
艾恒(奥沙利铂),2
艾恒(奥沙利铂)【基】,2
艾恒粉针,2
艾恒粉针(双周方案),2
艾恒针,2
艾恒注射液,2
艾恒注射液((奥沙利铂注射液(粉)),2
艾恒注射液（非适应症）,2
奥沙力铂（乐沙定）,2
奥沙利铂,2
奥沙利铂(2017年版),2
奥沙利铂(50mg)[艾恒],2
奥沙利铂(Z) 50mg*1支,2
奥沙利铂(艾恒),2
奥沙利铂（艾恒）,2
奥沙利铂(艾恒)粉针,2
奥沙利铂(艾恒针),2
奥沙利铂(奥铂),2
奥沙利铂(奥正南),2
奥沙利铂(冻干粉针),2
奥沙利铂(国产),2
奥沙利铂(合资),2
奥沙利铂（基）,2
奥沙利铂(乐沙定),2
奥沙利铂(乐沙定）,2
奥沙利铂（乐沙定Z) 50mg*1支,2
奥沙利铂(齐鲁),2
奥沙利铂(齐鲁制药(海南)有限公司),2
奥沙利铂(齐沙),2
奥沙利铂(齐沙)注射用无菌粉末,2
奥沙利铂(注射剂),2
奥沙利铂(注射液),2
奥沙利铂（注射用无菌粉末、冻干粉针）,2
奥沙利铂/50mg/支,2
奥沙利铂/注射剂,2
奥沙利铂[100mg],2
奥沙利铂[100mg-江苏恒瑞],2
奥沙利铂[50mg],2
奥沙利铂[基药100mg],2
奥沙利铂[基药50mg],2
奥沙利铂【危】,2
奥沙利铂【异地】,2
奥沙利铂2018,2
奥沙利铂40mg支,2
奥沙利铂冻干粉针,2
奥沙利铂粉针,2
奥沙利铂粉针(艾恒),2
奥沙利铂粉针(艾恒)50mg,2
奥沙利铂粉针(艾恒粉针,2
奥沙利铂粉针(进口)②E基,2
奥沙利铂粉针(乐沙定),2
奥沙利铂粉针(齐鲁),2
奥沙利铂粉针(齐沙),2
奥沙利铂粉针(瑞之珀),2
奥沙利铂粉针*基,2
奥沙利铂粉针[乐沙定],2
奥沙利铂粉针100mg(基)w,2
奥沙利铂甘露醇,2
奥沙利铂甘露醇（≤100ml）,2
奥沙利铂甘露醇[100ml:0.1g:5.1g],2
奥沙利铂甘露醇针/辰雅针,2
奥沙利铂甘露醇注射液,2
奥沙利铂甘露醇注射液&,2
奥沙利铂甘露醇注射液(艾恒),2
奥沙利铂甘露醇注射液(艾恒)[100ML:0.1G],2
奥沙利铂甘露醇注射液(辰雅),2
奥沙利铂甘露醇注射液(辰雅）,2
奥沙利铂甘露醇注射液(非适应症),2
奥沙利铂甘露醇注射液（佳乐同泰,2
奥沙利铂甘露醇注射液(佳乐同泰),2
奥沙利铂甘露醇注射液(佳乐同泰)/100ml/瓶,2
奥沙利铂甘露醇注射液/0.1g/瓶(非适应症),2
奥沙利铂甘露醇注射液/0.1g:5.1g,2
奥沙利铂甘露醇注射液/佳乐同泰,2
奥沙利铂甘露醇注射液[100ml:0.1g/瓶],2
奥沙利铂甘露醇注射液[100ml:0.1g;5.1g],2
奥沙利铂甘露醇注射液[100ml:0.1g;5.1g][四川],2
奥沙利铂甘露醇注射液[100ml:50m,2
奥沙利铂甘露醇注射液[100ml](乙)#/化,2
奥沙利铂甘露醇注射液[100ml](乙)#Y/化,2
奥沙利铂甘露醇注射液[100ml](乙)#Y/化(基),2
奥沙利铂甘露醇注射液★(乙类)[恒瑞],2
奥沙利铂甘露醇注射液B[100ml;50mg;5.1g],2
奥沙利铂针,2
奥沙利铂针 50mg*1瓶,2
奥沙利铂针(艾恒),2
奥沙利铂针(艾恒）,2
奥沙利铂针（艾恒）,2
奥沙利铂针(艾恒）[国基],2
奥沙利铂针(奥铂),2
奥沙利铂针(国产),2
奥沙利铂针(基),2
奥沙利铂针(乐沙定),2
奥沙利铂针（乐沙定）,2
奥沙利铂针(南京),2
奥沙利铂针(齐鲁),2
奥沙利铂针/50mg/支,2
奥沙利铂针[50mg],2
奥沙利铂针[冻干粉],2
奥沙利铂针[国基],2
奥沙利铂针[乙]/20ml:40mg/支/支,2
奥沙利铂针B(艾恒针),2
奥沙利铂针II,2
奥沙利铂针剂/艾克博康,2
奥沙利铂注射剂,2
奥沙利铂注射剂(艾恒),2
奥沙利铂注射剂(艾恒)(50mg/瓶),2
奥沙利铂注射剂(基),2
奥沙利铂注射剂(基)(50mg),2
奥沙利铂注射剂(乐沙定),2
奥沙利铂注射剂/50mg*1/,2
奥沙利铂注射剂△,2
奥沙利铂注射剂H,2
奥沙利铂注射液,2
奥沙利铂注射液 ★(乙类)[恒瑞],2
奥沙利铂注射液(艾恒),2
奥沙利铂注射液(艾克博康),2
奥沙利铂注射液(艾克博康）,2
奥沙利铂注射液（艾克博康）,2
奥沙利铂注射液(艾克博康)[20m:40mg],2
奥沙利铂注射液(非适应症),2
奥沙利铂注射液(国家17),2
奥沙利铂注射液(警)☆,2
奥沙利铂注射液(适应症),2
奥沙利铂注射液(乙类),2
奥沙利铂注射液(乙类)（市补）,2
奥沙利铂注射液(注射剂),2
奥沙利铂注射液（自费）,2
奥沙利铂注射液*艾克博康,2
奥沙利铂注射液[40mg:20ml],2
奥沙利铂注射液②@,2
奥沙利铂注射液40MG(深圳),2
奥沙利铂注射液N,2
辰雅（奥沙利铂甘露醇注射液）,2
乐沙定,2
乐沙定(*冻干粉针*杭州赛诺菲圣德拉堡民生制药有限公司),2
乐沙定粉针,2
乐沙定粉针(非适应症用药),2
注射用奥沙利铂（☆）（◆◎）（○）,2
注射用奥沙利铂(0.1g),2
注射用奥沙利铂(1),2
注射用奥沙利铂（18基）G,2
注射用奥沙利铂(50mg恒瑞),2
注射用奥沙利铂(A)/50mg/支,2
注射用奥沙利铂(j)100mg(基)(化),2
注射用奥沙利铂（艾）,2
注射用奥沙利铂(艾恒,2
注射用奥沙利铂(艾恒),2
注射用奥沙利铂(艾恒）,2
注射用奥沙利铂（艾恒),2
注射用奥沙利铂（艾恒）,2
注射用奥沙利铂（艾恒）[基],2
注射用奥沙利铂(艾恒)☆,2
注射用奥沙利铂(奥铂),2
注射用奥沙利铂(奥正南),2
注射用奥沙利铂(冻干),2
注射用奥沙利铂(冻干)(奥正南),2
注射用奥沙利铂（冻干）(进口)JG 50mg*1支,2
注射用奥沙利铂(冻干)[50mg×1瓶],2
注射用奥沙利铂（冻干）JG 50mg*1支,2
注射用奥沙利铂(凡森),2
注射用奥沙利铂(凡森)/50mg/支,2
注射用奥沙利铂（非适应症）,2
注射用奥沙利铂(非适应症用),2
注射用奥沙利铂(非直肠癌、结肠癌Ⅲ期),2
注射用奥沙利铂(腹腔用药),2
注射用奥沙利铂(国产),2
注射用奥沙利铂(国产）,2
注射用奥沙利铂(国产)②B基,2
注射用奥沙利铂（海南锦瑞）,2
注射用奥沙利铂(恒瑞) 50mg*1支,2
注射用奥沙利铂(恒瑞)(50mg),2
注射用奥沙利铂（恒瑞）G,2
注射用奥沙利铂（恒瑞）Gb,2
注射用奥沙利铂(恒瑞医药)[50mg],2
注射用奥沙利铂(基),2
注射用奥沙利铂(基)/100mg/支,2
注射用奥沙利铂(基)/50mg/支,2
注射用奥沙利铂(基2018),2
注射用奥沙利铂（基药）,2
注射用奥沙利铂(江苏)[50mg],2
注射用奥沙利铂（锦瑞制药）,2
注射用奥沙利铂(进口),2
注射用奥沙利铂(进口）,2
注射用奥沙利铂(进口)②E基,2
注射用奥沙利铂（乐）,2
注射用奥沙利铂(乐沙定),2
注射用奥沙利铂(乐沙定）,2
注射用奥沙利铂（乐沙定）,2
注射用奥沙利铂（乐沙定）[基],2
注射用奥沙利铂（乐沙定）【基】,2
注射用奥沙利铂(力托),2
注射用奥沙利铂（平顶山）,2
注射用奥沙利铂(齐鲁,2
注射用奥沙利铂(齐鲁),2
注射用奥沙利铂（齐鲁）,2
注射用奥沙利铂(齐鲁)★△●○,2
注射用奥沙利铂(齐鲁海南)(50mg/支),2
注射用奥沙利铂(齐鲁海南)(50mg支),2
注射用奥沙利铂(齐沙),2
注射用奥沙利铂(齐沙）,2
注射用奥沙利铂(齐沙)/100mg/支,2
注射用奥沙利铂(齐沙)☆,2
注射用奥沙利铂(琼齐鲁),2
注射用奥沙利铂(瑞之珀）,2
注射用奥沙利铂(赛诺菲)(50mg/支),2
注射用奥沙利铂(赛诺菲)(50mg支),2
注射用奥沙利铂(赛诺菲温莎),2
注射用奥沙利铂(适应症),2
注射用奥沙利铂(新),2
注射用奥沙利铂(乙),2
注射用奥沙利铂(自费),2
注射用奥沙利铂（自费）,2
注射用奥沙利铂*,2
注射用奥沙利铂/50mg/瓶(非适应症),2
注射用奥沙利铂/50mg/支,2
注射用奥沙利铂/50mg/支(非适应症),2
注射用奥沙利铂/50mg~☆△*,2
注射用奥沙利铂/艾恒,2
注射用奥沙利铂/艾恒(50mg),2
注射用奥沙利铂/艾恒/*,2
注射用奥沙利铂/艾恒[基],2
注射用奥沙利铂/艾恒针,2
注射用奥沙利铂/帕奇[基],2
注射用奥沙利铂/齐鲁,2
注射用奥沙利铂[1*50mg],2
注射用奥沙利铂[50mg/支],2
注射用奥沙利铂[50mg],2
注射用奥沙利铂[50mg][江苏恒瑞],2
注射用奥沙利铂[高危],2
注射用奥沙利铂[基],2
注射用奥沙利铂[赛诺菲](甲)#Y/化(基),2
注射用奥沙利铂[赛诺菲](乙)#/化(基),2
注射用奥沙利铂[赛诺菲](乙)#Y/化(基),2
注射用奥沙利铂△,2
注射用奥沙利铂●,2
注射用奥沙利铂☆,2
注射用奥沙利铂★J(甲类)[赛诺菲],2
注射用奥沙利铂★J(乙类),2
注射用奥沙利铂0.1g,2
注射用奥沙利铂50mg(基)(化),2
注射用奥沙利铂B[50mg],2
注射用奥沙利铂B[50mg][江苏],2
注射用奥沙利铂J☆◎,2
注射用奥沙利铂JZ★N,2
注射用奥沙利铂奥力,2
注射用奥沙利铂乙,2
注射用奥沙利铂乙(50mg),2
注射用澳沙利铂（艾恒）,2
注射用澳沙利铂（艾恒）【基】,2
自费奥沙利铂,2
自费注射用奥沙利铂,2
注射用血塞通（络泰）                              ,3
注射用血塞通(络泰)(冻干)[400mg],3
注射用血塞通_昆明制药,3
血塞通粉针(基),3
血塞通注射液(400mg*20ml),3
注射用血塞通(冻干)(异地),3
注射用血塞通(冻干粉)(400mg),3
(基)注射用血塞通（冻干540Z）,3
(国)注射用血塞通(络泰) 1*10,3
*血塞通注射液,3
注射用血塞通（冻干粉）,3
注射用血塞通（200mg）,3
注射用血塞通(冻干)【异地】,3
注射用血塞通/200毫克/支,3
注射用血塞通*x 0.2g*1支,3
注射用血塞通/0.4g,3
血塞通（粉针剂）*,3
J血塞通注射液★,3
(基)(限)注射用血塞通,3
注射用血塞通(冻干0.4)(甲),3
血塞通(冻干)[危C][200mg],3
血塞通针(冻干）,3
注射用血塞通(冻干)400mg,3
注射用血塞通△/400mg/瓶/瓶,3
血塞通注射液（基）,3
注射用血塞通（冻干）(洛泰),3
血塞通粉针(基药) 400mgX1,3
（络泰）注射用血塞通（冻干）,3
注射用血塞通/200mgX1支/支/支,3
血塞通注射液（昆药）,3
J注射用血塞通（冻干）,3
血塞通注射液(国家17),3
（冻干粉）注射用血塞通/200mg/瓶,3
注射用血塞通（基） 200mg*1瓶,3
血塞通注射液*！,3
注射用血塞通400mg~,3
注射用血塞通(基)/0.4g/瓶,3
注射用血塞通(400mg/昆明制药),3
血塞通针/络泰,3
※注射用血塞通(冻干)（DT）,3
血塞通注射液★,3
(甲)血塞通注射液,3
注射用血塞通(冻干),3
注射用血塞通（冻干）,3
注射用血塞通,3
血塞通注射液,3
注射用血塞通1,3
注射用血塞通[冻干][昆药](甲)#J(基),3
注射用血塞通（基药）,3
血塞通粉针,3
＃注射用血塞通（冻干）,3
血塞通注射液/三七总皂甙,3
注射用血塞通(络泰),3
血塞通(络泰)(冻干),3
血塞通针,3
注射用血塞通(冻干）,3
注射用血塞通(冻干)(2017年版),3
注射用血塞通[0.2g/支],3
血塞通注射液(2017年版),3
＃血塞通注射液,3
注射用血塞通 0.2g*1支,3
血塞通冻干粉,3
注射用血塞通(络泰)冻干,3
注射用血塞通(冻干)(注射剂),3
注射用血塞通200mg,3
血塞通冻干粉针,3
(络泰)血塞通粉针,3
(基甲)注射用血塞通（冻干）,3
血塞通（冻干）针,3
注射用血塞通(冻干)2018,3
血塞通注射剂,3
注射用血塞通(冻干)(限二级及以上医疗机构),3
血塞通注射液(限二级及以上医疗机构),3
(18新)注射用血塞通(冻干),3
血塞通注射液（基药）,3
【基】注射用血塞通,3
血塞通注射液[100mg],3
注射用血塞通/200mg/支,3
注射用血塞通(基)(辅)400mgZ,3
注射用血塞通[0.4g/支],3
注射用血塞通200mg(基),3
注射用血塞通0.2g,3
注射用血塞通（络泰）,3
[基]注射用血塞通[200mg],3
(GJ)注射用血塞通,3
血塞通粉针(络泰),3
注射用血塞通★J(甲类)[珍宝],3
血塞通针[200mg],3
注射用血塞通(珍宝岛),3
(GJ)血塞通(冻干粉)针,3
注射用血塞通冻干粉,3
[络泰]注射用血塞通,3
▲注射用血塞通[国基],3
(18新)血塞通注射液,3
注射用血塞通(基）,3
[限]注射用血塞通,3
注射用血塞通/200mg/瓶,3
（基）限-注射用血塞通,3
注射用血塞通(冻干)◇,3
注射用血塞通[400mg*10支(冻干)](络泰,3
注射用血塞通(基),3
三七皂苷注射液（血塞通）络泰,3
血塞通（冻干）,3
血塞通针[甲],3
注射用血塞通(冻干)[0.4g],3
*血塞通(络泰)粉针,3
#带-注射用血塞通,3
(0.2g)血塞通针/0.2g/支,3
血塞通注射用,3
(甲)(基)注射用血塞通(冻干),3
血塞通(0.2g)[络泰],3
注射用血塞通_珍宝岛,3
血塞通针(冻干),3
注射用血塞通冻干,3
*血塞通注射剂,3
[限][络泰]注射用血塞通,3
血塞通针200mg(基)wJF,3
J注射用血塞通(络泰)-甲S,3
**(络泰)注射用血塞通/400mg/支,3
注射用血塞通[0.2g/支](欣瑙泰),3
(甲)注射用血塞通(冻干),3
血塞通（冻干粉针）,3
注射用血塞通(三七皂苷),3
[国基]注射用血塞通[200mg],3
☆注射用血塞通,3
血塞通(洛泰)粉针,3
血塞通注射剂(络泰）（冻干）,3
血塞通注射剂【听似】【看似】,3
#注射用血塞通,3
(基)注射用血塞通（冻干）,3
注射用血塞通(昆明),3
限量-注射用血塞通,3
[基]注射用血塞通,3
注射用血塞通*△,3
***血塞通粉针,3
血塞通注射剂(冻干)(基),3
珍宝岛血塞通（0.2),3
注射用血塞通针,3
血塞通(冻干)[200mg],3
注射用血塞通F,3
J注射用血塞通,3
血塞通注射液[注射用血塞通（冻干）],3
(200mg)注射用血塞通,3
注射用血塞通(冻干)(基),3
*血塞通(欣瑙泰)粉针,3
(新)注射用血塞通(冻干),3
血塞通(冻干),3
血塞通针200mg(基)wF,3
注射用血塞通(冻干)★,3
注射用血塞通(络泰)■【基】,3
(甲)注射用血塞通(冻干）,3
血塞通冻干粉针[络泰]/0.2g/瓶,3
(警C)注射用血塞通(基),3
注射用血塞通/欣瑙泰[基],3
注射用血塞通冻干（络泰）/200mg/支,3
注射用血塞通(J),3
血塞通注射剂（冻干）,3
注射用血塞通G(国基/甲),3
血塞通冻干粉针（欣脑泰），,3
注射用血塞通.,3
三七皂苷注射制剂（注射用血塞通）,3
注射用血塞通(冻干/200mg/支),3
注射用血塞通(冻干粉）,3
注射用血塞通(200mg),3
●注射用血塞通(0.4-昆明集团),3
注射用血塞通(冻干)[200mg],3
注射用血塞通(络泰）/400MG*1/支,3
注射用血塞通☆○,3
血塞通注射液/10ml：0.25g/支,3
注射用血塞通甲(基),3
注射用血塞通（冻干）(玉林中心),3
注射用血塞通/注射用血塞通（冻干）,3
血塞通粉针(冻干）,3
(基)(200mg)注射用血塞通,3
注射用血塞通(中)《基1》,3
血塞通粉针(0.4g),3
(国)注射用血塞通(冻干),3
注射用血塞通(冻干)NG,3
●血塞通[基](小)&lt;200mg&gt;,3
血塞通注射液(玉林中心),3
注射用血塞通（基，甲）,3
血塞通粉针(0.2g),3
▲注射用血塞通【基】,3
（基）注射用血塞通,3
注射用血塞通Z,3
注射用血塞通（冻干） 200mg*1支,3
血塞通注射液*,3
注射用血塞通/欣瑙泰.,3
注射用血塞通（冻干）（甲国基）,3
注射用血塞通0.2g(粉针)J,3
血塞通-珍宝,3
注射用血塞通/400mgX1支/支/支,3
☆血塞通粉针(络泰),3
血塞通注射液、血栓通注射液、注射用血塞通（冻干）、注射用血栓通（冻干）,3
血塞通针200mg,3
注射用血塞通（络泰）(★)/200mg/支,3
注射用血塞通（平顶山）,3
注射用血塞通针（冻干）/络泰[基],3
注射用血塞通(冻干)(2017),3
[Z1]注射用血塞通★J(甲限),3
(基)注射用血塞通,3
C▲注射用血塞通,3
注射用血塞通 200mg,3
注射用血塞通(甲),3
血塞通注射液、注射用血塞通,3
血塞通注射液（◇；限二级及以上医疗机构）,3
注射用血塞通[冻干],3
注射用血塞通_欣瑞泰(中)《基1》,3
注射用血塞通（0.2g-昆明制药集团）,3
血塞通针0.2,3
注射用血塞通冻干粉(络泰),3
血塞通粉针（zbd）,3
注射用血塞通/0.2g/支,3
注射用血塞通(0.2g)(国基）,3
血塞通针(零),3
注射用血塞通400mg(乙)门基层1,3
注射用血塞通/200mg~zh@(冻干)(甲类)*,3
血塞通针(基),3
注射用血塞通(200mg)/基甲农,3
血塞通注射剂/血塞通注射剂,3
注射用血塞通(欣瑙泰),3
注射用血塞通（昆明）,3
▲注射用血塞通_欣瑞泰(中)《基1》,3
注射用血塞通/200mg/支/支,3
血塞通冻干粉针/200mg（冻)/支,3
血塞通针(络泰),3
血塞通注射液 200mg*1支,3
*注射用血塞通,3
血塞通400mg(基)wJF,3
注射用血塞通 400mg,3
(400mg)注射用血塞通(冻干）,3
注射用血塞通(冻干粉),3
血塞通冻干粉针(络泰）,3
注射用血塞通针/0.2g/支,3
▲注射用血塞通(中)《基1》,3
注射用血塞通（基）,3
血塞通注射液（限二级及以上医疗机构）,3
注射用血塞通g,3
※（昆药）注射用血塞通(冻干),3
注射用血塞通*,3
注射用血塞通（200mg),3
注射用血塞通[200mg](欣瑙泰),3
注射用血塞通 ★限◆■,3
注射用血塞通【基】,3
(基)注射用血塞通（冻干）.,3
注射用血塞通[400mg](络泰),3
血塞通注射液(异地结算用),3
注射用血塞通（基甲）,3
注射用血塞通★J(甲限)[珍宝],3
[国]注射用血塞通[200mg],3
(甲)注射用血塞通,3
血塞通(冻干)粉针,3
注射用血塞通(甲类)(国基),3
注射血塞通冻干,3
▲(络泰)血塞通粉针,3
血塞通针 (冻干粉）,3
注射用血塞通(冻干)(甲基）,3
注射用血塞通(络泰)[基],3
注射用血塞通 ★限◆限,3
血塞通粉针(络泰)‖,3
血塞通针（冻干）络泰,3
血塞通冻干粉针(络泰),3
注射用血塞通(400mg),3
血塞通400mg(基)wF,3
注射用血塞通(冻干) 基药,3
血塞通 0.2g*1支,3
血塞通注射液 0.1g*2ml*10支,3
注射用血塞通（冻干）*,3
☆血塞通注射液*,3
J注射用血塞通(络泰)-甲,3
血塞通(冻干)(基)医保,3
（大）注射用血塞通,3
注射用血塞通(冻干)JG 0.2g*1支,3
血塞通注射液(云南),3
*血塞通冻干粉,3
★注射用血塞通.,3
注射用血塞通（甲）,3
注射用血塞通(络泰)■,3
血塞通冻干粉针*基,3
注射用血塞通(冻干)/200mg/支,3
血塞通注射剂（欣瑙泰）,3
▲注射用血塞通,3
注射用血塞通粉针(甲基),3
血塞通针(粉)(基),3
注射用血塞通[0.2g-黑龙江珍宝岛],3
注射用血塞通(冻干)2017,3
血塞通针(甲)(门)[基]/ /支,3
注射用血塞通(冻干) 200mg,3
注射用血塞通 200mg*1支,3
注射用血塞通针400mg,3
注射用血塞通/400mg/支/支,3
[基]注射用血塞通.,3
(辅)注射用血塞通,3
注射血塞通冻干粉（国基）居（含基层）,3
注射用血塞通(冻干)[欣瑙泰],3
注射用血塞通（昆机）,3
血塞通粉针0.4g,3
血塞通针(冻干粉。200mg),3
[基]<甲▲>注射用血塞通(冻干),3
血塞通 0.2克*1支,3
带-注射用血塞通,3
注射用血塞通(甲类),3
注射用血塞通★限◆■,3
注射用血塞通(冻干)(注射液),3
注射用血塞通(新)甲,3
⑤注射用血塞通(基),3
G！注射用血塞通（甲）（基）,3
血塞通冻干粉[400mg],3
血塞通(三七皂苷注射制剂）,3
血塞通注射液(异地),3
血塞通粉针200mg,3
注射用血塞通(欣瑙泰）      /400mg/支,3
★注射用血塞通./200mg/支,3
注射用血塞通[基],3
注射用血塞通A（乙）,3
●注射用血塞通(0.4g-昆明集团),3
注射用血塞通/0.4g/支,3
注射用血塞通(络泰) 1*10,3
注射用血塞通(络泰针),3
血塞通注射液2018,3
血塞通j 0.2克*1支,3
◆注射用血塞通（冻干）,3
注射用血塞通（18基药）,3
HL血塞通针（络泰）,3
注射用血塞通（甲国基）,3
血塞通粉针(400mg),3
注射用血塞通0.2g*1支,3
血塞通/注射用血塞通（冻干）,3
注射用血塞通（基甲200mg*1）,3
血塞通粉针/400mg/支,3
注射用血塞通[400mg],3
血塞通注射用粉针,3
注射用血塞通  200mgX1,3
血塞通 200mg*1支,3
注射用血塞通（络泰）*,3
注射用血塞通（冻干） (基),3
血塞通(冻干)[200mg][昆明],3
血塞通粉针[甲][基][络泰]/0.4g/支/支,3
*血塞通（冻干）,3
注射用血塞通(0.2g),3
注射用血塞通(冻干)（基药）,3
注射用血塞通（0.2g) (基）,3
血塞通粉针/200mg/支,3
注射用血塞通(200mg)(冻干),3
注射用血塞通 (冻干)/200mg/支,3
注射用血塞通(冻干) 400mg,3
HL*血塞通针（络泰）,3
注射用血塞通(基)(冻干)(中),3
(高C)注射用血塞通,3
※注射用血塞通(冻干),3
注射用血塞通(国),3
血塞通冻干粉/0.2g/支,3
血塞通粉针(冻干),3
注射用血塞通(冻干)[昆明][200mg],3
HL注射用血塞通冻干,3
HI注射用血塞通冻干,3
血塞通冻干粉(基药),3
血塞通粉针(200mg),3
血塞通注射液[20ml],3
☆血塞通冻干粉针（基）,3
注射用血塞通（国基）居（含基层）,3
注射用血塞通（国）,3
（小）注射用血塞通,3
注射用血塞通（冻干),3
*注射用血塞通 0.2g*1瓶,3
注射用血塞通（0.2g昆明）,3
注射用血塞通(冻干)/0.4g*1/支,3
注射用血塞通（冻干540Z）,3
注射用血塞通(欣瑙泰)(冻干)[0.2g],3
[市增补]血塞通注射液[10ml:400mg],3
◆注射用血塞通（冻干）.,3
注射用血塞通（冻干400mg）,3
●注射用血塞通（0.2g-昆明制药集团）,3
血塞通针（冻干）,3
F注射用血塞通（黑龙江）,3
注射用血塞通（辅）。,3
注射用血塞通（冻干）（基）,3
注射用血塞通(粉针)(基2012),3
注射用血塞通 甲,3
血塞通(冻干粉)/200mg/支,3
血塞通粉针(欣瑙泰),3
注射用血塞通(哈尔滨） 200mgX1,3
注射用血塞通（冻干粉）200mg,3
血塞通注射液<中成药费>,3
注射用血塞通/400mg/支,3
血塞通针J(基)▲,3
血塞通针(粉),3
注射用血塞通(冻干粉） 200mg,3
○注射用血塞通（络泰）*,3
参麦注射液,4
J参麦注射液20ml,4
参麦注射液(正大),4
参麦注射液(限二级以上医院急重症抢救),4
＃参麦注射液,4
*参麦注射液,4
参麦注射液(50ml),4
参麦注射液(四川),4
▲参麦注射液(正大）,4
参麦注射液/三九参麦注射液,4
参麦注射液(2017年版),4
参麦(青春宝),4
参麦注射液 50ml*1瓶,4
参麦水针,4
参麦注射液 100ml*1瓶,4
参麦注射液/参麦注射液,4
参麦注射液(TIPTOP)☆○,4
参麦注射液[50ml],4
▲参麦注射液,4
b参麦注射液,4
参麦注射液*△,4
J参麦注射液-甲S,4
[基]<甲▲>参麦注射液,4
参麦注射液(基),4
参麦注射液(神威),4
参麦注射液(999)☆○,4
J参麦注射液50ml,4
参麦注射剂,4
参麦针,4
限）（四川）参麦注射液,4
★参麦注射液(50ml),4
参麦注射液（限制） ,4
参麦注射液(大理),4
参麦注射液（100ml）,4
参麦注射液（Z）,4
参麦注射液(升和),4
※参麦注射液,4
参麦针I,4
▲参麦注射液[国基],4
参麦注射液【基】,4
参麦注射液（基药）,4
参麦注射液[50ml][正大],4
●参麦注射液(100ml-河北神威),4
参麦注射液大[100ml],4
#参麦注射液,4
J参麦注射液-甲★,4
参麦注射液*,4
参麦(三九),4
参麦注射液[50ml/支],4
参麦注射液(999),4
●参麦注射液(20ml-正大青春宝),4
参麦注射液(正大)(基),4
(限价:1.3)参麦注射液,4
●参麦注射液(50ml-正大青春宝),4
参麦注射液（浙江省),4
Ｃ▲参麦注射液,4
参麦注射液(华润三九（雅安）药业有限公司),4
(基甲)参麦注射液,4
参麦针[20ml],4
参麦注射剂(100ml)(神威),4
参麦&lt;10ml*5支&gt;,4
参麦注射液[10ml/支],4
参麦注射液(正大★),4
(基药)参麦注射液,4
正大参麦注射液,4
(GJ)参麦注射液,4
参麦注射液[15ml][华西],4
(限价:2.59)参麦注射液,4
参麦注射液(云南植物药业有限公司),4
参麦注射液2018,4
参麦注射液(100ml/瓶),4
参麦注射液J(河北神威),4
参麦注射液（四川）20ml○★,4
参麦注射液[基],4
参麦注射液/50ml/瓶,4
参麦注射液(三九),4
参麦注射液(甲类）,4
参麦注射液100ml☆★,4
参麦注射液(100ml瓶),4
参麦注射液[15ml],4
参麦注射液（50ml）,4
参麦注射液/10ml/支,4
参麦注射液./神威,4
参麦注射液[100ml][河北],4
参麦注射液(正大)★,4
参麦注射液20ml,4
参麦注射液(20ml-正大青春宝),4
(18新)参麦注射液,4
[基]参麦注射液.,4
参麦针II,4
参麦注射液（50ml) （基）*,4
参麦针(50ml),4
参麦注射液(门慢）,4
参麦注,4
*参麦注射液(非医保),4
参麦注射液G3,4
△*参麦注射液15ml,4
参麦(青春宝)【基】,4
参麦注射液JZ★NG,4
参麦注射液(正大青春宝),4
参麦注射液-20ml,4
参麦注射液(100ml)[河北],4
参麦(50ml),4
参麦注射液/神威[基],4
参麦注射液(甲农铁基),4
参麦注射液(基药) 10mlX5,4
参麦注射液/100ml/瓶,4
HH参麦注射液,4
参麦注射液(神威50ml),4
参麦注射液/5ml/支,4
[50ml]参麦注射液/50ml/瓶,4
参麦注射液/20ml/支,4
参麦针(100ml),4
0参麦注射液 1Co/50毫升*1瓶,4
F参麦注射液[YN],4
参麦注射液[100ml][青春宝],4
☆参麦注射液,4
参麦注射液(参麦针),4
参麦注射液(青春宝),4
参麦注射液*(基)(辅)Z,4
(甲)参麦注射液,4
参麦针/15ml/支,4
参麦注射液◇◎,4
参麦注射液(50ml/瓶),4
参麦注射液(甲),4
*参麦注射液(农),4
参麦注射液[基药50ml],4
参麦注射液J,4
参麦注射液/50ml/支,4
(大理)参麦注射液,4
参麦注射液(20ml),4
参麦注射液100ml,4
参麦注射液 10ml*5支,4
参麦注射液/50mlX1支/盒/盒,4
50ml参麦注射液/50ml/瓶,4
参麦注射液【异地】,4
参麦注射液15ml,4
参麦注射液(100ml),4
★参麦注射液[国基],4
参麦注射液(中),4
参麦针/50ml/瓶,4
参麦注射液（精）,4
参麦注射液1★/50ml/瓶,4
参麦注射液&lt;100ml&gt;,4
参麦注射剂(50ml),4
参麦注射液（基）,4
参麦注射液(15ml*4-四川川大),4
(限价:2.91)参麦注射液,4
(国)参麦注射液,4
(基)参麦注射液(限),4
参麦注射液 100ml,4
参麦针[50ml],4
参麦注射液JG 50ml*1瓶,4
参麦注射液(50ML),4
☆!参麦注射液,4
参麦注射液N,4
参麦注射液(20ml正大青春宝),4
参麦注射液*云南植物药业有限公司,4
C*※参麦注射液100,4
参麦注射液(神威)(限),4
***参麦注射液,4
HH参麦注射液（神威）,4
参麦注射剂(100ml),4
●参麦注射液&lt;50ml&gt;,4
参麦注射液/神威,4
参麦注射液（甲100ml*1）,4
参麦注射液（10ml)限,4
●参麦注射液(15ml*4-四川川大),4
参麦针(J1),4
参麦注射液(50ml-正大青春宝),4
参麦注射液(四川)(基),4
参麦注射液1★(基)/50ml/瓶,4
参麦注射液（丙类）限二级及以上医疗机构并有急救抢救,4
（100ml）参麦注射液,4
(新)参麦注射液,4
参麦注射液★(基)/50ml/瓶,4
参麦注射液（需精密）,4
参麦注射液z（3）z,4
参麦注射液(基2018),4
F△C参麦注射液,4
参麦注射液（50ML）*,4
参麦注射液<中成药费>,4
参麦注射液2017,4
参麦注射液(100ml/正大青春宝),4
参麦注射液50ml,4
参麦注射液100ML,4
参麦注射液[20ml],4
参麦注射液J 20ml*1支,4
[国基 ]参麦注射液(神威)[100ml],4
参麦注射液[100ml-大理药业],4
参麦注射液[50ml/瓶],4
参麦注射液（50）,4
(基)参麦注射液,4
参麦注射液(限急重症用药),4
参麦注射液(100ml/大理药业),4
[基]参麦注射液,4
【基】参麦注射液,4
参麦注射液[100ml](甲)！#J！(基),4
参麦注射液(神威100ml),4
参麦注射液(*注射剂*华润三九（雅安）药业有限公司),4
参麦注射液（神威）,4
F参麦注射液,4
参麦注射液（非适应症）,4
参麦针(20ml),4
参麦注射液（基，甲）,4
参麦注射液★50ml,4
非医保西药费(参麦注射液（B)),4
★参麦注射液.,4
△参麦注射液,4
※参麦注射液(神威),4
■参麦注射液.,4
参麦注射液(限),4
参麦注射液【正大青春宝】,4
(基)参麦水针[50ml/瓶],4
参麦注射液(50ml/大理药业),4
参麦注射液(基甲),4
F参麦注射液 100ml,4
参麦注射液 (神威),4
参麦注射液G1,4
参麦注射液▲@◎（100ml）,4
参麦注射液★限◆限◎,4
参麦注射液 甲*(基) 限制,4
参麦注射液(参麦注射液(基)),4
参麦(三九)【基】,4
生脉注射液,5
生脉针,5
●生脉注射液(5ml*5-江苏苏中),5
生脉注射液50ml,5
生脉注射液[20ml],5
生脉注射液/10ml*1/支,5
生脉注射液(限二级及以上医疗机构),5
生脉注射液(999),5
生脉注射液 20ml*1支,5
J生脉注射液,5
生脉注射液(20ml) 20ml*1支,5
生脉注射液J 20ml*1支,5
生脉针(基),5
生脉注射液(25ml),5
＃生脉注射液,5
生脉注射液(2017年版),5
生脉注射液/生脉注射液,5
生脉注射液(50ml),5
生脉注射液(甲）,5
生脉注射液(大)[50ml],5
生脉注射液[50ml/瓶],5
生脉注射液☆○,5
生脉注射液/20ml/支(非适应症),5
生脉注射液(限急重症用药),5
生脉注射液*,5
生脉注射液/J10ml/支,5
生脉注射液G2,5
***生脉注射液,5
生脉注射剂,5
生脉针20ml,5
※生脉注射液（基）,5
※生脉注射液,5
生脉针 J,5
生脉注射液(基药),5
生脉注射液 50ml*1瓶,5
生脉注射液★(25ml),5
生脉注射液（基药）,5
生脉注射液◆,5
(25ml)生脉注射液,5
生脉注射液/20ml/支,5
生脉针(甲基),5
生脉注射液 25ml*1支,5
生脉注射液  [基],5
生脉注射液/生脉注射液(999),5
生脉注射液[基],5
生脉注射液(甲类）,5
生脉注射液[25ml],5
生脉注射液[50ml],5
生脉注射液20ml,5
生脉注射液(生脉注射液),5
生脉(25ml),5
生脉针(im),5
生脉注射液(999)★!,5
*生脉注射液(农),5
生脉注射液(苏中),5
F生脉注射液,5
生脉注射液(甲农铁基),5
生脉注射液J,5
生脉注射液2018,5
生脉注射液(25ml)*,5
生脉注射液(基),5
生脉注射液 20mlX1,5
生脉注射液（基）,5
生脉针[常熟][甲],5
L生脉注射液,5
生脉注射液(基药) 20mlX3,5
生脉注射液/10ml/支,5
生脉注射液20ml(基)JF,5
(限价:4.5)生脉注射液,5
生脉针(基）,5
生脉注射液J 20ml*3支,5
jLb生脉针/5ml,5
生脉注射液(★)/25ml/支,5
生脉注射液(注射剂),5
生脉注射液(生脉针),5
(甲)生脉注射液,5
※生脉注射液(基),5
(50ml)生脉注射液,5
生脉注射液[门特],5
生脉注射液（限用）,5
生脉注射液（甲20ml*1）,5
生脉注射液25ML,5
生脉注射液 【区直定点】,5
L生脉注射液(基),5
生脉注射液/25ml/支,5
生脉注射液 20ml*3支,5
(基)生脉注射液(限),5
生脉注射液【限急重症用药】,5
生脉注射液 甲,5
生脉注射液★50ml,5
生脉注射液/50mlX1瓶/瓶/瓶,5
Ｃ▲生脉注射液,5
生脉注射液(甲基),5
<甲★>生脉注射液,5
(基)生脉注射液,5
生脉注射液(5ml*5-江苏苏中),5
☆!生脉针,5
生脉注射液(限急重症),5
生脉注射液（基，甲）,5
生脉注射液(国家17),5
生脉注射液/20ml*3支/支,5
生脉注射液[20ml/支],5
生脉注射液(20ml),5
生脉注射液<中成药费>,5
生脉注射液★甲,5
*生脉注射液,5
生脉注射液1,5
生脉注射液（三九）,5
丁苯酞软胶囊,6
丁苯酞,6
丁苯酞氯化钠注射液,6
丁苯酞软胶囊(恩必普),6
丁苯酞氯化钠,6
丁苯酞软胶囊(乙)！#Y,6
＃丁苯酞,6
恩必普（丁苯酞软胶囊）,6
丁苯酞(恩必普)软胶囊,6
丁苯酞软胶囊（恩必普）,6
丁苯酞软胶囊/恩必普,6
丁苯酞软胶囊(乙)#Y,6
丁苯酞软胶囊(乙)！#,6
丁苯酞软胶囊(恩必普)☆!,6
丁苯酞\丁苯酞氯化钠,6
丁苯酞软胶囊[100mg*24],6
丁苯酞软胶囊（恩必普),6
丁苯酞氯化钠注射剂,6
丁苯酞(软胶囊),6
▲(恩必普)丁苯酞软胶囊,6
丁苯酞软胶囊[恩必普],6
丁苯酞软胶囊[0.1g*24],6
丁苯酞软胶囊N,6
丁苯酞(2017年版),6
(乙10%)丁苯酞软胶囊(恩必普),6
丁苯酞软胶囊[限][恩必普]/0.1g*24粒/粒,6
*丁苯酞软胶囊(恩必普),6
丁苯酞软胶囊②限C,6
▲丁苯酞软胶囊,6
＃丁苯酞氯化钠,6
恩必普软胶囊(丁苯酞软胶囊),6
丁苯酞软胶囊(0.1g*24粒),6
丁苯酞[恩必普软胶囊]/0.1g/粒,6
丁苯酞胶囊,6
丁苯酞软胶囊/丁苯酞软胶囊[恩必普],6
(恩必普)丁苯酞软胶囊,6
丁苯酞（包含丁苯酞氯化钠注射液）,6
丁苯酞软胶囊[乙][恩必普]/0.1g*24粒/粒,6
丁苯酞软胶囊[恩必普]&lt;0.1g×24粒&gt;,6
丁苯酞软胶囊/0.1g~zh○(乙类),6
丁苯酞软胶囊(恩必普)☆,6
丁苯酞软胶囊/恩必普胶囊/*,6
丁苯酞软胶囊/0.1g☆!▲△,6
丁苯酞软胶囊(限),6
丁苯酞软胶囊（恩必普）/0.1G*1/粒,6
(18新)丁苯酞,6
(新)丁苯酞软胶囊,6
丁苯酞氯化钠注射液G,6
丁苯酞氯化钠注射液(100ml:25mg),6
丁苯酞软胶囊（恩必普）1*120,6
丁苯酞软胶囊☆◎!,6
丁苯酞软胶囊●,6
丁苯酞软胶囊 (恩必普),6
丁苯酞氯化钠注射液★,6
丁苯酞软胶囊(恩必普,6
丁苯酞口服常释剂型,6
丁苯酞氯化钠注射液[100ml],6
[Z2]丁苯酞氯化钠注射液★,6
丁苯酞软胶囊★(乙类）,6
丁苯酞软胶囊 0.1g*24粒,6
▲丁苯酞氯化钠注射液,6
(限价:183.62)丁苯酞软胶囊,6
(乙0％)(恩必普)丁苯酞软胶囊,6
丁苯酞(恩必普),6
恩必普(丁苯酞软胶囊),6
丁苯酞氯化钠注射液*,6
丁苯酞软胶囊☆,6
丁苯酞软胶囊(恩必普)/0.1g*24粒/粒,6
丁苯酞软胶囊/0.1g/粒,6
丁苯酞胶囊0.1g片,6
丁苯酞氯化钠针,6
丁苯酞软胶囊(无适应症),6
丁苯酞软胶囊[恩必普]/0.1g/粒,6
恩必普丁苯酞软胶囊,6
丁苯酞针,6
丁苯酞*石药集团恩必普药业有限公司,6
丁苯酞软胶囊[0.1gx24片/盒,6
丁苯酞氯化钠注射液[限]/100ml:25mg/瓶/瓶,6
丁苯酞氯化钠注射液②限C,6
丁苯酞软胶囊乙,6
丁苯酞软胶囊[0.1g*24粒],6
丁苯酞软胶囊(恩必普)/0.1g/粒/粒,6
丁苯酞软胶囊(24粒)/0.1g/粒,6
(新)丁苯酞氯化钠注射液,6
丁苯酞氯化钠注射液/100ml:25mg,6
(乙20%)丁苯酞氯化钠注射液(恩必,6
丁苯酞软胶囊/0.1g*24/,6
丁苯酞软胶囊*,6
[Z2]丁苯酞软胶囊★(乙限),6
(18新)丁苯酞氯化钠,6
[恩必普]丁苯酞软胶囊,6
丁苯酞软胶囊(0.1g)②限,6
丁苯酞氯化钠注射液★◎,6
丁苯酞软胶囊②C,6
丁苯酞/丁苯酞软胶囊[恩必普],6
丁苯酞注射液,6
丁苯酞软胶囊(0.1g石药集团恩),6
丁苯酞软胶囊★△,6
丁苯酞氯化钠(2017年版),6
丁苯酞软胶囊/0.1g*24/片,6
丁苯酞氯化钠注射液/25mg:100ml/瓶,6
丁苯酞软胶囊恩必普,6
丁苯酞氯化钠注射液N,6
#丁苯酞氯化钠注射液,6
丁苯酞软胶囊(恩必普)(0.1g*24粒/盒),6
丁苯酞氯化钠注射液[100ml:,6
丁苯酞胶囊（恩必普）,6
丁苯酞氯化钠(注射剂),6
丁苯酞氯化钠注射液(恩必普),6
丁苯酞氯化钠注射液/100ml:25mg/瓶,6
丁苯酞软胶囊[0.1g*24s/盒],6
丁苯酞氯化钠注射液②限,6
丁苯酞氯化钠注射液乙,6
(恩必普)丁苯酞氯化钠注射液,6
丁苯酞软胶囊/0.1g*24粒/粒,6
丁苯酞【异地】,6
丁苯酞软胶囊★,6
(限)丁苯酞氯化钠注射液,6
(限价:183.62)（恩必普）丁苯酞软胶囊,6
丁苯酞氯化钠注射液[25mg:100ml],6
★丁苯酞软胶囊（恩必普）,6
丁苯酞软胶囊*(临）,6
丁苯酞氯化钠注射液/100ml：25m/瓶,6
丁苯酞(丁苯酞软胶囊),6
丁苯酞胶囊(恩必普)[限],6
丁苯酞氯化钠注射液L,6
※丁苯酞软胶囊(恩必普),6
丁苯酞氯化钠(恩必普)注射液,6
丁苯酞软胶囊(恩必普☆),6
丁苯酞软胶囊★(乙限),6
丁苯酞(异地),6
丁苯酞氯化钠注射液(恩必普）,6
丁苯酞氯化钠注射液 25毫克/100毫升*1瓶,6
丁苯酞氯化钠注射液●,6
丁苯酞软胶囊（24）,6
丁苯酞软胶囊(限轻中度急性缺血性脑卒中)(恩必普,6
丁苯酞软胶囊(恩必普-XB),6
丁苯酞（恩必普）软胶囊,6
丁苯酞软胶囊(石药)[0.1g],6
丁苯酞氯化钠注射液☆限,6
QYZ丁苯酞氯化钠注射液(恩必普)[100ML:25MG],6
丁苯酞(2017),6
★丁苯酞氯化钠注射液 ,6
(限价:128.54)丁苯酞,6
丁苯酞氯化钠注射液(100ml：25mg/瓶),6
丁苯酞软胶囊.,6
丁苯酞氯化钠注射液[限],6
(乙)丁苯酞,6
丁苯酞2018,6
丁苯酞氯化钠（注射剂）,6
丁苯酞氯化钠注射液(恩必普)/25mg/100ml/瓶,6
丁苯酞氯化钠注射液(无适应症),6
丁苯酞胶囊(恩必普),6
丁苯酞软胶囊[0.1g×24粒][石药集,6
丁苯酞氯化钠注射液/恩必普,6
丁苯酞氯化钠注射用,6
丁苯酞氯化钠注射液[乙]/100ml:25mg/瓶/瓶,6
丁苯酞氯化钠注射液(医保限),6
丁苯酞胶囊/0.1g/片,6
丁苯酞氯化钠注射液(恩必普)☆▲,6
丁苯酞软胶囊☆限,6
丁苯酞软胶囊(恩必普)[限],6
丁苯酞氯化钠注射液（100ml：25mg：0.9g）,6
丁苯酞软胶囊②▲@G,6
◆丁苯酞氯化钠(恩必普)注射液,6
丁苯酞氯化钠注射液 100ml,6
丁苯酞氯化钠注射液*!#,6
丁苯酞氯化钠注射液*(临）,6
丁苯酞(石药集团恩必普药业有限公司),6
Z恩必普-丁苯酞软胶囊,6
丁苯酞氯化钠注射液100ml:25mg瓶,6
(国)丁苯酞,6
$丁苯酞氯化钠针(恩必普)★,6
丁苯酞氯化钠注射液*/100ml(25mg:0.9g)/瓶,6
丁苯酞氯化钠注射液&lt;100ml&gt;,6
丁苯酞氯化钠注射液②▲@,6
丁苯酞软胶囊(恩必普）/0.1g*24/盒,6
丁苯酞软胶囊 0.1克*24粒,6
丁苯酞氯化钠注射液（限）,6
丁苯酞软胶囊/0.1g*24粒/盒,6
丁苯酞氯化钠注射液/100ml：25mg/瓶,6
丁苯酞氯化钠注射液◎,6
丁苯酞氯化钠注射液C,6
丁苯酞软胶囊☆限◆,6
★丁苯酞软胶囊,6
丁苯酞氯化钠注射液☆限◆,6
(国)丁苯酞氯化钠,6